{
  "src\\firebase-messaging-sw.js": 1771410406.7582061,
  "src\\main.ts": 1765464283.5714245,
  "src\\polyfills.ts": 1759393649.292833,
  "src\\test.ts": 1760120380.3660657,
  "src\\typings.d.ts": 1759858161.37229,
  "src\\zone-flags.ts": 1759393649.292833,
  "src\\app\\app-routing.module.ts": 1765285127.9207065,
  "src\\app\\app.component.spec.ts": 1759983144.5715353,
  "src\\app\\app.component.ts": 1775482783.3544261,
  "src\\app\\app.module.ts": 1775482727.1906548,
  "src\\app\\constants\\constants-helpers.ts": 1764789069.7207885,
  "src\\app\\constants\\districts.const.ts": 1764789069.7228987,
  "src\\app\\constants\\index.ts": 1775410401.085925,
  "src\\app\\constants\\keywords.const.ts": 1764789069.7246637,
  "src\\app\\constants\\payments.const.ts": 1764789069.7246637,
  "src\\app\\constants\\restaurant-constants.ts": 1765285127.924235,
  "src\\app\\constants\\weekdays.const.ts": 1764789069.7256901,
  "src\\app\\pages\\booking\\booking-routing.module.ts": 1764746754.5433173,
  "src\\app\\pages\\booking\\booking.module.ts": 1764786881.474938,
  "src\\app\\pages\\booking\\booking.page.spec.ts": 1764743142.6985857,
  "src\\app\\pages\\booking\\booking.page.ts": 1775410401.0925727,
  "src\\app\\pages\\chat\\chat-routing.module.ts": 1764743004.962973,
  "src\\app\\pages\\chat\\chat.module.ts": 1765285127.9263928,
  "src\\app\\pages\\chat\\chat.page.spec.ts": 1764743004.9651005,
  "src\\app\\pages\\chat\\chat.page.ts": 1775410401.0979743,
  "src\\app\\pages\\home\\home-routing.module.ts": 1759393649.2918491,
  "src\\app\\pages\\home\\home.module.ts": 1761792533.9582162,
  "src\\app\\pages\\home\\home.page.spec.ts": 1759393649.2918491,
  "src\\app\\pages\\home\\home.page.ts": 1775482805.3455992,
  "src\\app\\pages\\login\\login-routing.module.ts": 1762624302.356845,
  "src\\app\\pages\\login\\login.module.ts": 1762624302.357845,
  "src\\app\\pages\\login\\login.page.spec.ts": 1762624302.360126,
  "src\\app\\pages\\login\\login.page.ts": 1775410401.109068,
  "src\\app\\pages\\restaurant\\booking-modal.component.ts": 1775410401.1132483,
  "src\\app\\pages\\restaurant\\map-modal.component.ts": 1775410401.118401,
  "src\\app\\pages\\restaurant\\menu-modal.component.ts": 1775410401.1226869,
  "src\\app\\pages\\restaurant\\restaurant-routing.module.ts": 1759683451.2135715,
  "src\\app\\pages\\restaurant\\restaurant.module.ts": 1772644765.6948032,
  "src\\app\\pages\\restaurant\\restaurant.page.spec.ts": 1759683451.2162356,
  "src\\app\\pages\\restaurant\\restaurant.page.ts": 1775482939.5594099,
  "src\\app\\pages\\search\\search-routing.module.ts": 1759683447.7839317,
  "src\\app\\pages\\search\\search.module.ts": 1762324006.4882653,
  "src\\app\\pages\\search\\search.page.spec.ts": 1759683447.786368,
  "src\\app\\pages\\search\\search.page.ts": 1775413043.5036728,
  "src\\app\\pages\\store\\store-routing.module.ts": 1773938255.0097198,
  "src\\app\\pages\\store\\store.module.ts": 1775410401.1741228,
  "src\\app\\pages\\store\\store.page.spec.ts": 1764250459.3001976,
  "src\\app\\pages\\store\\store.page.ts": 1775410401.1784418,
  "src\\app\\pages\\store\\ad-modal\\ad-modal.component.ts": 1775410401.1398919,
  "src\\app\\pages\\store\\add-restaurant-modal\\add-restaurant-modal.component.ts": 1775410401.1456258,
  "src\\app\\pages\\store\\bulk-menu-import-modal\\bulk-menu-import-modal.component.ts": 1775410401.1514966,
  "src\\app\\pages\\store\\menu-item-modal\\menu-item-modal.component.ts": 1775410401.1562753,
  "src\\app\\pages\\store\\menu-qr-modal\\menu-qr-modal.component.ts": 1775410401.1625898,
  "src\\app\\pages\\store\\restaurant-info-modal\\restaurant-info-modal.component.ts": 1775410401.1680777,
  "src\\app\\pages\\user\\profile-modal.component.ts": 1775410401.1858509,
  "src\\app\\pages\\user\\user-routing.module.ts": 1759683480.9766252,
  "src\\app\\pages\\user\\user.module.ts": 1764690108.413226,
  "src\\app\\pages\\user\\user.page.spec.ts": 1759683480.9794986,
  "src\\app\\pages\\user\\user.page.ts": 1775410401.1925786,
  "src\\app\\services\\advertisements.service.ts": 1775410401.202394,
  "src\\app\\services\\app-state.service.ts": 1775410401.2086303,
  "src\\app\\services\\auth.service.ts": 1775059588.8001578,
  "src\\app\\services\\booking.service.ts": 1775410401.214413,
  "src\\app\\services\\chat-visibility.service.ts": 1765198495.7060888,
  "src\\app\\services\\chat.service.ts": 1775410401.2206628,
  "src\\app\\services\\data.service.ts": 1775410401.2353182,
  "src\\app\\services\\gemini.service.ts": 1775410401.2389371,
  "src\\app\\services\\guard.service.ts": 1772628305.0139909,
  "src\\app\\services\\language.service.ts": 1764862266.9305708,
  "src\\app\\services\\layout.service.ts": 1775410401.2473981,
  "src\\app\\services\\location.service.ts": 1764250459.3107522,
  "src\\app\\services\\messaging.service.spec.ts": 1771410406.75349,
  "src\\app\\services\\messaging.service.ts": 1775410401.2499485,
  "src\\app\\services\\mock-data.service.ts": 1769095790.8991318,
  "src\\app\\services\\ngsw-config.spec.ts": 1774871694.3255079,
  "src\\app\\services\\platform.service.ts": 1761739739.3585525,
  "src\\app\\services\\restaurant-feature.service.ts": 1775410401.2540338,
  "src\\app\\services\\restaurants.service.ts": 1775412941.944656,
  "src\\app\\services\\reviews.service.ts": 1775412966.4519472,
  "src\\app\\services\\store-feature.service.ts": 1775410401.2697234,
  "src\\app\\services\\store-helpers.service.ts": 1773882205.7656238,
  "src\\app\\services\\swiper.service.ts": 1759998929.0057948,
  "src\\app\\services\\theme.service.ts": 1764480988.4883566,
  "src\\app\\services\\UI.service.ts": 1775410401.1993506,
  "src\\app\\services\\user.service.ts": 1775410401.2776644,
  "src\\app\\shared\\shared.module.ts": 1775056053.1163979,
  "src\\app\\shared\\account-type-selector\\account-type-selector.component.ts": 1775482694.635171,
  "src\\app\\shared\\chat-button\\chat-button.component.ts": 1775410401.283918,
  "src\\app\\shared\\footer\\footer.component.ts": 1775410401.2921915,
  "src\\app\\shared\\footer\\header.component.ts": 1762456231.1356194,
  "src\\app\\shared\\gemini-button\\gemini-button.component.ts": 1775410401.2988179,
  "src\\app\\shared\\header\\header.component.ts": 1775410401.3047442,
  "src\\app\\shared\\menu\\menu.component.ts": 1775410401.310364,
  "src\\app\\shared\\qr-scanner\\qr-scanner-modal.component.ts": 1775410401.3141406,
  "src\\app\\shared\\tab\\tab.component.ts": 1775410401.3200433,
  "src\\assets\\js\\Algolia.js": 1759393649.292833,
  "src\\assets\\js\\UI.js": 1759393649.2531786,
  "src\\environments\\environment.prod.ts": 1775060881.9333103,
  "src\\environments\\environment.ts": 1775060886.4825237,
  "src\\app\\pages\\user\\User.png": 1764690394.029989,
  "src\\assets\\shapes.svg": 1759393649.292833,
  "src\\assets\\icon\\Amplifier.png": 1757850008.4269032,
  "src\\assets\\icon\\App-Dark.png": 1760124147.3008194,
  "src\\assets\\icon\\App-Light.png": 1764481075.0196943,
  "src\\assets\\icon\\App_Store.png": 1759668545.1977143,
  "src\\assets\\icon\\Eclipse.gif": 1760121593.5673976,
  "src\\assets\\icon\\favicon.png": 1752504829.0,
  "src\\assets\\icon\\Google_Play.png": 1759667900.9266596,
  "src\\assets\\icon\\Placeholder.png": 1719638645.9653318,
  "src\\assets\\leaflet\\marker-icon-2x.png": 1762369939.3293884,
  "src\\assets\\leaflet\\marker-icon.png": 1762369939.339311,
  "src\\assets\\leaflet\\marker-shadow.png": 1762369939.3429418
}